Timestamp,recommended HH charge cell,TPH optimum,soft recommended HH charge cell
2021-09-15 03:20:00,660,4488.1475,660.0
2021-09-15 03:21:00,660,4486.421,660.0
2021-09-15 03:22:00,660,4474.188,660.0
2021-09-15 03:23:00,660,4442.2993,660.0
2021-09-15 03:24:00,660,4427.0024,660.0
2021-09-15 03:25:00,660,4475.859,660.0
2021-09-15 03:26:00,935,4347.797,699.2857142857143
2021-09-15 03:27:00,935,4428.1763,728.75
2021-09-15 03:28:00,910,4514.9897,748.8888888888889
2021-09-15 03:29:00,1010,4360.518,766.25
2021-09-15 03:30:00,935,3896.138,793.75
2021-09-15 03:31:00,710,3401.9473,798.75
2021-09-15 03:32:00,710,3611.8247,803.75
2021-09-15 03:33:00,710,3595.9758,808.75
2021-09-15 03:34:00,785,3651.2703,821.25
2021-09-15 03:35:00,710,3749.7385,826.25
2021-09-15 03:36:00,660,3907.4094,798.75
2021-09-15 03:37:00,660,3843.5483,771.25
2021-09-15 03:38:00,660,3786.8755,746.25
2021-09-15 03:39:00,660,3836.7712,720.0
2021-09-15 03:40:00,660,3756.3997,692.5
2021-09-15 03:41:00,660,3785.4995,687.5
2021-09-15 03:42:00,660,3922.4187,682.5
2021-09-15 03:43:00,660,3945.866,677.5
2021-09-15 03:44:00,935,4323.4497,692.5
2021-09-15 03:45:00,935,4363.791,715.0
2021-09-15 03:46:00,935,4371.7783,742.5
2021-09-15 03:47:00,1010,4357.3936,770.0
2021-09-15 03:48:00,1010,4458.6514,797.5
2021-09-15 03:49:00,1010,4488.7446,825.0
2021-09-15 03:50:00,1010,4503.1064,852.5
2021-09-15 03:51:00,1010,4512.942,880.0
2021-09-15 03:52:00,1010,4490.6084,907.5
2021-09-15 03:53:00,1010,4506.693,935.0
2021-09-15 03:54:00,1010,4519.2573,935.0
2021-09-15 03:55:00,1010,4535.911,935.0
2021-09-15 03:56:00,1010,4524.2573,935.0
2021-09-15 03:57:00,1010,4526.7456,935.0
2021-09-15 03:58:00,1010,4527.1855,935.0
2021-09-15 03:59:00,1010,4531.5376,935.0
2021-09-15 04:00:00,1010,4531.5376,935.0
2021-09-15 04:01:00,1010,4565.472,935.0
2021-09-15 04:02:00,1010,4565.472,935.0
2021-09-15 04:03:00,1010,4565.472,935.0
2021-09-15 04:04:00,1010,4565.472,935.0
2021-09-15 04:05:00,1010,4565.472,935.0
2021-09-15 04:06:00,935,4576.0415,935.0
2021-09-15 04:07:00,935,4576.0415,935.0
2021-09-15 04:08:00,660,4563.897,907.5
2021-09-15 04:09:00,660,4563.897,880.0
2021-09-15 05:10:00,1010,4505.2417,852.7412280701753
2021-09-15 05:11:00,1010,4505.2417,825.7236842105264
2021-09-15 05:12:00,1010,4505.2417,798.9473684210526
2021-09-15 05:13:00,1010,4506.645,772.4122807017544
2021-09-15 05:14:00,1010,4505.867,746.1184210526316
2021-09-15 05:15:00,1010,4506.645,720.0657894736843
2021-09-15 05:16:00,1010,4506.645,694.2543859649123
2021-09-15 05:17:00,1010,4506.645,668.6842105263157
2021-09-15 05:18:00,1010,4506.645,670.8552631578947
2021-09-15 05:19:00,1010,4506.645,673.2675438596491
2021-09-15 05:20:00,1010,4506.645,675.6798245614034
2021-09-15 05:21:00,1010,4506.645,678.0921052631579
2021-09-15 05:22:00,1010,4507.6543,680.5043859649123
2021-09-15 05:23:00,1010,4507.6543,682.9166666666666
2021-09-15 05:24:00,1010,4530.735,685.328947368421
2021-09-15 05:25:00,1010,4491.1543,687.7412280701753
2021-09-15 05:26:00,1010,4497.8247,690.1535087719298
2021-09-15 05:27:00,1010,4486.6064,692.5657894736843
2021-09-15 05:28:00,1010,4506.141,694.9780701754386
2021-09-15 05:29:00,1010,4505.867,697.390350877193
2021-09-15 05:30:00,1010,4506.8765,699.8026315789473
2021-09-15 05:31:00,1010,4506.645,702.2149122807018
2021-09-15 05:32:00,1010,4506.645,704.6271929824562
2021-09-15 05:33:00,1010,4506.645,707.0394736842105
2021-09-15 05:34:00,1010,4506.645,709.4517543859649
2021-09-15 05:35:00,1010,4507.6543,711.8640350877192
2021-09-15 05:36:00,1010,4506.645,714.2763157894736
2021-09-15 05:37:00,1010,4507.6543,716.6885964912282
2021-09-15 05:38:00,1010,4507.6543,719.1008771929825
2021-09-15 05:39:00,1010,4506.645,721.5131578947369
2021-09-15 05:40:00,1010,4506.645,723.9254385964912
2021-09-15 05:41:00,1010,4506.645,726.3377192982455
2021-09-15 05:42:00,1010,4506.251,728.7500000000001
2021-09-15 05:43:00,1010,4506.251,731.1622807017544
2021-09-15 05:44:00,1010,4507.6543,733.5745614035088
2021-09-15 05:45:00,1010,4507.6543,735.9868421052631
2021-09-15 05:46:00,1010,4506.645,738.3991228070175
2021-09-15 05:47:00,1010,4506.645,740.811403508772
2021-09-15 05:48:00,1010,4507.6543,743.2236842105264
2021-09-15 05:49:00,1010,4507.6543,745.6359649122807
2021-09-15 05:50:00,1010,4507.6543,748.0482456140351
2021-09-15 05:51:00,1010,4507.6543,750.4605263157894
2021-09-15 05:52:00,1010,4499.506,752.8728070175439
2021-09-15 05:53:00,1010,4499.506,755.2850877192983
2021-09-15 05:54:00,1010,4502.552,757.6973684210526
2021-09-15 05:55:00,1010,4505.2417,760.109649122807
2021-09-15 05:56:00,1010,4505.2417,762.5219298245614
2021-09-15 05:57:00,1010,4506.645,764.9342105263158
2021-09-15 05:58:00,1010,4507.6543,767.3464912280702
2021-09-15 05:59:00,1010,4506.645,769.7587719298245
2021-09-15 06:00:00,1010,4488.1855,772.171052631579
2021-09-15 06:01:00,1010,4486.461,774.5833333333333
2021-09-15 06:02:00,1010,4488.201,776.9956140350878
2021-09-15 06:03:00,1010,4488.2754,779.4078947368422
2021-09-15 06:04:00,1010,4489.2847,781.8201754385965
2021-09-15 06:05:00,1010,4489.2847,784.2324561403509
2021-09-15 06:06:00,1010,4489.2847,786.6447368421052
2021-09-15 06:07:00,1010,4489.2847,789.0570175438596
2021-09-15 06:08:00,1010,4489.746,791.4692982456141
2021-09-15 06:09:00,1010,4489.2847,793.8815789473684
2021-09-15 06:10:00,1010,4491.6553,796.2938596491229
2021-09-15 06:11:00,1010,4488.902,798.7061403508771
2021-09-15 06:12:00,1010,4488.902,801.1184210526316
2021-09-15 06:13:00,1010,4496.1304,803.530701754386
2021-09-15 06:14:00,1010,4495.404,805.9429824561404
2021-09-15 06:15:00,1010,4506.2837,808.3552631578948
2021-09-15 06:16:00,1010,4504.973,810.7675438596491
2021-09-15 06:17:00,1010,4495.0664,813.1798245614034
2021-09-15 06:18:00,1010,4495.0664,815.5921052631579
2021-09-15 06:19:00,1010,4495.0664,818.0043859649123
2021-09-15 06:20:00,1010,4495.0664,820.4166666666666
2021-09-15 06:21:00,1010,4490.482,822.828947368421
2021-09-15 06:22:00,1010,4491.3813,825.2412280701753
2021-09-15 06:23:00,1010,4511.5625,827.6535087719298
2021-09-15 06:24:00,1010,4500.731,830.0657894736842
2021-09-15 06:25:00,1010,4492.118,832.4780701754386
2021-09-15 06:26:00,1010,4488.5215,834.890350877193
2021-09-15 06:27:00,1010,4484.8223,837.3026315789473
2021-09-15 06:28:00,1010,4496.64,839.7149122807019
2021-09-15 06:29:00,1010,4503.7393,842.1271929824561
2021-09-15 06:30:00,1010,4502.89,844.5394736842105
2021-09-15 06:31:00,1010,4495.7925,846.9517543859649
2021-09-15 06:32:00,1010,4522.44,849.3640350877192
2021-09-15 06:33:00,1010,4499.9077,851.7763157894736
2021-09-15 06:34:00,1010,4499.468,854.188596491228
2021-09-15 06:35:00,1010,4489.5146,856.6008771929825
2021-09-15 06:36:00,1010,4493.734,859.0131578947369
2021-09-15 06:37:00,1010,4502.3457,861.4254385964912
2021-09-15 06:38:00,1010,4497.368,863.8377192982456
2021-09-15 06:39:00,1010,4493.415,866.25
2021-09-15 06:40:00,1010,4493.415,868.6622807017544
2021-09-15 06:41:00,1010,4465.62,871.0745614035088
2021-09-15 06:42:00,1010,4454.2065,873.4868421052631
2021-09-15 06:43:00,1010,4453.162,875.8991228070175
2021-09-15 06:44:00,1010,4457.6274,878.311403508772
2021-09-15 06:45:00,1010,4462.36,880.7236842105264
2021-09-15 06:46:00,1010,4464.2393,883.1359649122808
2021-09-15 06:47:00,1010,4488.633,885.5482456140351
2021-09-15 06:48:00,1010,4487.2935,887.9605263157894
2021-09-15 06:49:00,1010,4486.6895,890.3728070175439
2021-09-15 06:50:00,1010,4487.014,892.7850877192983
2021-09-15 06:51:00,1010,4486.5205,895.1973684210525
2021-09-15 06:52:00,1010,4482.3813,897.609649122807
2021-09-15 06:53:00,1010,4482.3813,900.0219298245614
2021-09-15 06:54:00,1010,4480.504,902.4342105263158
2021-09-15 06:55:00,1010,4478.1367,904.8464912280702
2021-09-15 06:56:00,1010,4478.1367,907.2587719298244
2021-09-15 06:57:00,1010,4480.15,909.671052631579
2021-09-15 06:58:00,1010,4480.15,912.0833333333333
2021-09-15 06:59:00,1010,4479.086,914.4956140350878
2021-09-15 07:00:00,1010,4481.8945,916.9078947368422
2021-09-15 07:01:00,1010,4483.619,919.3201754385964
2021-09-15 07:02:00,1010,4483.518,921.7324561403509
2021-09-15 07:03:00,935,4478.098,924.1447368421053
2021-09-15 07:04:00,935,4477.658,926.3157894736842
2021-09-15 07:05:00,935,4478.5737,928.2456140350878
2021-09-15 07:06:00,935,4478.5737,929.9342105263158
2021-09-15 07:07:00,935,4476.93,931.3815789473683
2021-09-15 07:08:00,935,4480.6294,932.5877192982456
2021-09-15 07:09:00,935,4480.6294,933.5526315789473
2021-09-15 07:10:00,935,4481.563,934.2763157894736
2021-09-15 07:11:00,935,4481.563,934.7587719298247
2021-09-15 07:12:00,935,4481.123,935.0
2021-09-15 07:13:00,935,4481.123,935.0
2021-09-15 07:14:00,935,4481.123,935.0
2021-09-15 07:15:00,910,4477.8613,932.5
2021-09-15 07:16:00,910,4462.447,930.0
2021-09-15 07:17:00,935,4477.37,930.0
2021-09-15 07:18:00,935,4477.169,930.0
2021-09-15 07:19:00,935,4477.169,930.0
2021-09-15 07:20:00,935,4477.37,930.0
2021-09-15 07:21:00,910,4474.162,927.5
2021-09-15 07:22:00,935,4477.37,927.5
2021-09-15 07:23:00,935,4476.93,927.5
2021-09-15 07:24:00,935,4476.93,927.5
2021-09-15 07:25:00,935,4477.37,930.0
2021-09-15 07:26:00,935,4476.93,932.5
2021-09-15 07:27:00,935,4478.5737,932.5
2021-09-15 07:28:00,935,4479.0137,932.5
2021-09-15 07:29:00,935,4479.0137,932.5
2021-09-15 07:30:00,935,4478.5737,932.5
2021-09-15 07:31:00,935,4476.93,935.0
2021-09-15 07:32:00,935,4477.37,935.0
2021-09-15 07:33:00,935,4477.37,935.0
2021-09-15 07:34:00,935,4481.0693,935.0
2021-09-15 07:35:00,935,4486.172,935.0
2021-09-15 07:36:00,935,4496.356,935.0
2021-09-15 07:37:00,935,4496.8496,935.0
2021-09-15 07:38:00,935,4498.333,935.0
2021-09-15 07:39:00,935,4498.333,935.0
2021-09-15 07:40:00,935,4498.333,935.0
2021-09-15 07:41:00,935,4497.8394,935.0
2021-09-15 07:42:00,935,4498.2793,935.0
2021-09-15 07:43:00,935,4496.356,935.0
2021-09-15 07:44:00,935,4490.8135,935.0
2021-09-15 07:45:00,935,4491.307,935.0
2021-09-15 07:46:00,935,4491.747,935.0
2021-09-15 07:47:00,935,4491.747,935.0
2021-09-15 07:48:00,935,4491.747,935.0
2021-09-15 07:49:00,910,4488.539,932.5
2021-09-15 07:50:00,910,4488.539,930.0
2021-09-15 07:51:00,935,4491.0464,930.0
2021-09-15 07:52:00,935,4491.747,930.0
2021-09-15 07:53:00,935,4490.8135,930.0
2021-09-15 07:54:00,935,4491.2534,930.0
2021-09-15 07:55:00,1010,4506.108,930.0
2021-09-15 07:56:00,935,4460.375,930.0
2021-09-15 07:57:00,935,4434.3037,930.0
2021-09-15 07:58:00,935,4436.403,930.0
2021-09-15 07:59:00,1010,4478.9497,932.5
2021-09-15 08:00:00,1010,4496.615,935.0
2021-09-15 08:01:00,1010,4497.5703,935.0
2021-09-15 08:02:00,1010,4487.823,935.0
2021-09-15 08:03:00,1010,4487.0454,935.0
2021-09-15 08:04:00,1010,4491.4663,935.0
2021-09-15 08:05:00,1010,4492.0693,935.0
2021-09-15 08:06:00,935,4494.26,935.0
2021-09-15 08:07:00,935,4494.6997,935.0
2021-09-15 08:08:00,935,4494.6997,935.0
2021-09-15 08:09:00,935,4497.1855,935.0
2021-09-15 08:10:00,935,4496.7456,935.0
2021-09-15 08:11:00,935,4497.1855,935.0
2021-09-15 08:12:00,935,4497.1855,935.0
2021-09-15 08:13:00,935,4499.109,935.0
2021-09-15 08:14:00,935,4499.109,935.0
2021-09-15 08:15:00,935,4498.669,935.0
2021-09-15 08:16:00,935,4498.1753,935.0
2021-09-15 08:17:00,935,4495.474,935.0
2021-09-15 08:18:00,935,4495.914,935.0
2021-09-15 08:19:00,935,4494.6997,935.0
2021-09-15 08:20:00,935,4494.26,935.0
2021-09-15 08:21:00,935,4494.26,935.0
2021-09-15 08:22:00,935,4493.999,935.0
2021-09-15 08:23:00,935,4493.999,935.0
2021-09-15 08:24:00,935,4493.999,935.0
2021-09-15 08:25:00,935,4491.7085,935.0
2021-09-15 08:26:00,935,4491.7085,935.0
2021-09-15 08:27:00,935,4491.7085,935.0
2021-09-15 08:28:00,935,4491.215,935.0
2021-09-15 08:29:00,935,4491.215,935.0
2021-09-15 08:30:00,935,4491.215,935.0
2021-09-15 08:31:00,935,4490.954,935.0
2021-09-15 08:32:00,935,4493.5054,935.0
2021-09-15 08:33:00,935,4493.5054,935.0
2021-09-15 08:34:00,935,4493.766,935.0
2021-09-15 08:35:00,935,4493.766,935.0
2021-09-15 08:36:00,935,4492.9883,935.0
2021-09-15 08:37:00,935,4493.922,935.0
2021-09-15 08:38:00,935,4493.922,935.0
2021-09-15 08:39:00,935,4494.26,935.0
2021-09-15 08:40:00,935,4494.6997,935.0
2021-09-15 08:41:00,935,4497.1855,935.0
2021-09-15 08:42:00,935,4497.1855,935.0
2021-09-15 08:43:00,935,4499.109,935.0
2021-09-15 08:44:00,935,4498.669,935.0
2021-09-15 08:45:00,935,4498.669,935.0
2021-09-15 08:46:00,935,4498.669,935.0
2021-09-15 08:47:00,935,4498.669,935.0
2021-09-15 08:48:00,935,4499.109,935.0
2021-09-15 08:49:00,935,4498.669,935.0
2021-09-15 08:50:00,935,4498.1753,935.0
2021-09-15 08:51:00,935,4498.615,935.0
2021-09-15 08:52:00,935,4498.615,935.0
2021-09-15 08:53:00,935,4498.1753,935.0
2021-09-15 08:54:00,935,4498.1753,935.0
2021-09-15 08:55:00,935,4498.1753,935.0
2021-09-15 08:56:00,935,4498.1753,935.0
2021-09-15 08:57:00,935,4498.1753,935.0
2021-09-15 08:58:00,935,4498.1753,935.0
2021-09-15 08:59:00,935,4498.615,935.0
2021-09-15 09:00:00,935,4496.5737,935.0
2021-09-15 09:01:00,935,4498.6914,935.0
2021-09-15 09:02:00,935,4497.667,935.0
2021-09-15 09:03:00,935,4497.667,935.0
2021-09-15 09:04:00,935,4497.667,935.0
2021-09-15 09:05:00,935,4499.694,935.0
2021-09-15 09:06:00,935,4499.9907,935.0
2021-09-15 09:07:00,935,4499.9907,935.0
2021-09-15 09:08:00,935,4499.9907,935.0
2021-09-15 09:09:00,935,4500.4307,935.0
2021-09-15 09:10:00,935,4500.4307,935.0
2021-09-15 09:11:00,935,4499.9907,935.0
2021-09-15 09:12:00,935,4500.4307,935.0
2021-09-15 09:13:00,910,4490.119,932.5
2021-09-15 09:14:00,910,4490.119,930.0
2021-09-15 09:15:00,935,4500.4307,930.0
2021-09-15 09:16:00,935,4499.9907,930.0
2021-09-15 09:17:00,935,4500.4307,930.0
2021-09-15 09:18:00,910,4490.119,927.5
2021-09-15 09:19:00,935,4500.4307,927.5
2021-09-15 09:20:00,935,4499.9907,927.5
2021-09-15 09:21:00,935,4499.9907,927.5
2021-09-15 09:22:00,935,4499.9907,927.5
2021-09-15 09:23:00,935,4497.723,930.0
2021-09-15 09:24:00,935,4500.134,932.5
2021-09-15 09:25:00,935,4500.134,932.5
2021-09-15 09:26:00,935,4491.806,932.5
2021-09-15 09:27:00,935,4491.806,932.5
2021-09-15 09:28:00,935,4491.806,935.0
2021-09-15 09:29:00,935,4491.806,935.0
2021-09-15 09:30:00,935,4491.366,935.0
2021-09-15 09:31:00,935,4491.366,935.0
2021-09-15 09:32:00,935,4491.366,935.0
2021-09-15 09:33:00,935,4500.134,935.0
2021-09-15 09:34:00,935,4500.134,935.0
2021-09-15 09:35:00,935,4497.263,935.0
2021-09-15 09:36:00,935,4500.4307,935.0
2021-09-15 09:37:00,935,4497.5474,935.0
2021-09-15 09:38:00,935,4497.51,935.0
2021-09-15 09:39:00,935,4495.024,935.0
2021-09-15 09:40:00,935,4484.3403,935.0
2021-09-15 09:41:00,935,4484.3403,935.0
2021-09-15 09:42:00,935,4484.3403,935.0
2021-09-15 09:43:00,935,4484.3403,935.0
2021-09-15 09:44:00,935,4484.0796,935.0
2021-09-15 09:45:00,935,4493.108,935.0
2021-09-15 09:46:00,935,4493.108,935.0
2021-09-15 09:47:00,935,4494.7515,935.0
2021-09-15 09:48:00,935,4494.7515,935.0
2021-09-15 09:49:00,935,4495.2847,935.0
2021-09-15 09:50:00,935,4497.7705,935.0
2021-09-15 09:51:00,935,4497.7705,935.0
2021-09-15 09:52:00,935,4497.7705,935.0
2021-09-15 09:53:00,935,4497.7705,935.0
2021-09-15 09:54:00,935,4498.2104,935.0
2021-09-15 09:55:00,935,4498.2104,935.0
2021-09-15 09:56:00,935,4497.7705,935.0
2021-09-15 09:57:00,935,4496.136,935.0
2021-09-15 09:58:00,935,4497.8066,935.0
2021-09-15 09:59:00,935,4498.0674,935.0
2021-09-15 10:00:00,935,4500.2686,935.0
2021-09-15 10:01:00,935,4493.0146,935.0
2021-09-15 10:02:00,935,4492.9136,935.0
2021-09-15 10:03:00,935,4492.9136,935.0
2021-09-15 10:04:00,935,4492.9136,935.0
2021-09-15 10:05:00,935,4493.406,935.0
2021-09-15 10:06:00,935,4493.406,935.0
2021-09-15 10:07:00,935,4490.626,935.0
2021-09-15 10:08:00,935,4490.8867,935.0
2021-09-15 10:09:00,935,4490.626,935.0
2021-09-15 10:10:00,935,4490.626,935.0
2021-09-15 10:11:00,935,4492.2695,935.0
2021-09-15 10:12:00,935,4492.2695,935.0
2021-09-15 10:13:00,935,4492.5303,935.0
2021-09-15 10:14:00,935,4492.97,935.0
2021-09-15 10:15:00,910,4482.6587,932.5
2021-09-15 10:16:00,935,4492.97,932.5
2021-09-15 10:17:00,935,4490.8867,932.5
2021-09-15 10:18:00,935,4491.3267,932.5
2021-09-15 10:19:00,935,4491.3267,932.5
2021-09-15 10:20:00,935,4498.948,932.5
2021-09-15 10:21:00,935,4498.948,932.5
2021-09-15 10:22:00,935,4500.4316,932.5
2021-09-15 10:23:00,935,4500.8716,932.5
2021-09-15 10:24:00,935,4500.8716,932.5
2021-09-15 10:25:00,935,4500.8716,935.0
2021-09-15 10:26:00,935,4500.8716,935.0
2021-09-15 10:27:00,935,4498.3525,935.0
2021-09-15 10:28:00,935,4498.3525,935.0
2021-09-15 10:29:00,935,4497.9126,935.0
2021-09-15 10:30:00,935,4498.2095,935.0
2021-09-15 10:31:00,935,4498.2095,935.0
2021-09-15 10:32:00,935,4498.2095,935.0
2021-09-15 10:33:00,935,4498.2095,935.0
2021-09-15 10:34:00,935,4533.522,935.0
2021-09-15 10:35:00,935,4496.8423,935.0
2021-09-15 10:36:00,935,4484.766,935.0
2021-09-15 10:37:00,935,4481.5986,935.0
2021-09-15 10:38:00,935,4484.0293,935.0
2021-09-15 10:39:00,935,4484.0293,935.0
2021-09-15 10:40:00,935,4484.469,935.0
2021-09-15 10:41:00,935,4484.0293,935.0
2021-09-15 10:42:00,935,4487.7285,935.0
2021-09-15 10:43:00,935,4487.7285,935.0
2021-09-15 10:44:00,935,4487.7285,935.0
2021-09-15 10:45:00,935,4497.9126,935.0
2021-09-15 10:46:00,935,4497.9126,935.0
2021-09-15 10:47:00,935,4497.9126,935.0
2021-09-15 10:48:00,935,4497.9126,935.0
2021-09-15 10:49:00,935,4497.2446,935.0
2021-09-15 10:50:00,935,4498.6494,935.0
2021-09-15 10:51:00,935,4498.2095,935.0
2021-09-15 10:52:00,935,4497.9126,935.0
2021-09-15 10:53:00,935,4497.9126,935.0
2021-09-15 10:54:00,935,4498.5083,935.0
2021-09-15 10:55:00,935,4493.406,935.0
2021-09-15 10:56:00,935,4493.406,935.0
2021-09-15 10:57:00,935,4493.406,935.0
2021-09-15 10:58:00,935,4493.145,935.0
2021-09-15 10:59:00,935,4489.7383,935.0
2021-09-15 11:00:00,910,4492.616,932.5
2021-09-15 11:01:00,935,4497.122,932.5
2021-09-15 11:02:00,935,4491.8535,932.5
2021-09-15 11:03:00,935,4489.3345,932.5
2021-09-15 11:04:00,935,4491.318,932.5
2021-09-15 11:05:00,935,4491.318,932.5
2021-09-15 11:06:00,935,4491.318,932.5
2021-09-15 11:07:00,935,4495.017,932.5
2021-09-15 11:08:00,935,4496.4976,932.5
2021-09-15 11:09:00,935,4498.976,932.5
2021-09-15 11:10:00,935,4498.976,935.0
2021-09-15 11:11:00,935,4499.754,935.0
2021-09-15 11:12:00,935,4500.0146,935.0
2021-09-15 11:13:00,935,4500.0146,935.0
2021-09-15 11:14:00,935,4500.0146,935.0
2021-09-15 11:15:00,935,4499.754,935.0
2021-09-15 11:16:00,910,4496.546,932.5
2021-09-15 11:17:00,935,4499.754,932.5
2021-09-15 11:18:00,935,4497.4956,932.5
2021-09-15 11:19:00,935,4497.235,932.5
2021-09-15 11:20:00,935,4499.754,932.5
2021-09-15 11:21:00,935,4500.0146,932.5
2021-09-15 11:22:00,935,4500.0146,932.5
2021-09-15 11:23:00,935,4500.0146,932.5
2021-09-15 11:24:00,935,4500.0146,932.5
2021-09-15 11:25:00,935,4497.235,932.5
2021-09-15 11:26:00,910,4494.027,932.5
2021-09-15 11:27:00,910,4494.027,930.0
2021-09-15 11:28:00,935,4499.139,930.0
2021-09-15 11:29:00,935,4499.139,930.0
2021-09-15 11:30:00,935,4499.139,930.0
2021-09-15 11:31:00,935,4498.8784,930.0
2021-09-15 11:32:00,935,4498.8784,930.0
2021-09-15 11:33:00,910,4488.567,927.5
2021-09-15 11:34:00,910,4478.4087,925.0
2021-09-15 11:35:00,935,4496.457,925.0
2021-09-15 11:36:00,935,4500.0146,927.5
2021-09-15 11:37:00,935,4501.383,930.0
2021-09-15 11:38:00,935,4501.383,930.0
2021-09-15 11:39:00,935,4500.943,930.0
2021-09-15 11:40:00,935,4500.943,930.0
2021-09-15 11:41:00,935,4501.383,930.0
2021-09-15 11:42:00,935,4500.943,930.0
2021-09-15 11:43:00,935,4500.943,932.5
2021-09-15 11:44:00,935,4500.943,935.0
2021-09-15 11:45:00,935,4500.943,935.0
2021-09-15 11:46:00,935,4501.383,935.0
2021-09-15 11:47:00,935,4501.383,935.0
2021-09-15 11:48:00,935,4491.1987,935.0
2021-09-15 11:49:00,935,4491.1987,935.0
2021-09-15 11:50:00,935,4491.1987,935.0
2021-09-15 11:51:00,1010,4499.5444,935.0
2021-09-15 11:52:00,1010,4499.5444,935.0
2021-09-15 11:53:00,1010,4499.5444,935.0
2021-09-15 11:54:00,1010,4499.5444,935.0
2021-09-15 11:55:00,1010,4501.422,935.0
2021-09-15 11:56:00,1010,4498.903,935.0
2021-09-15 11:57:00,1010,4495.2036,935.0
2021-09-15 11:58:00,1010,4497.567,935.0
2021-09-15 11:59:00,1010,4497.127,935.0
2021-09-15 12:00:00,1010,4502.6562,935.0
2021-09-15 12:01:00,1010,4503.393,935.0
2021-09-15 12:02:00,1010,4497.864,935.0
2021-09-15 12:03:00,1010,4497.864,935.0
2021-09-15 12:04:00,1010,4490.497,935.0
2021-09-15 12:05:00,1010,4489.9097,935.0
2021-09-15 12:06:00,1010,4489.9097,935.0
2021-09-15 12:07:00,935,4477.6357,935.0
2021-09-15 12:08:00,935,4480.007,935.0
2021-09-15 12:09:00,935,4480.007,935.0
2021-09-15 12:10:00,935,4481.49,935.0
2021-09-15 12:11:00,935,4481.49,935.0
2021-09-15 12:12:00,935,4478.7627,935.0
2021-09-15 12:13:00,935,4481.6333,935.0
2021-09-15 12:14:00,935,4481.1934,935.0
2021-09-15 12:15:00,935,4483.5664,935.0
2021-09-15 12:16:00,935,4483.1265,935.0
2021-09-15 12:17:00,935,4483.1265,935.0
2021-09-15 12:18:00,935,4481.203,935.0
2021-09-15 12:19:00,935,4482.8564,935.0
2021-09-15 12:20:00,935,4485.3755,935.0
2021-09-15 12:21:00,935,4484.9355,935.0
2021-09-15 12:22:00,935,4484.9355,935.0
2021-09-15 12:23:00,935,4484.9355,935.0
2021-09-15 12:24:00,935,4484.9355,935.0
2021-09-15 12:25:00,935,4485.3423,935.0
2021-09-15 12:26:00,935,4481.643,935.0
2021-09-15 12:27:00,935,4481.643,935.0
2021-09-15 12:28:00,935,4481.643,935.0
2021-09-15 12:29:00,935,4478.323,935.0
2021-09-15 12:30:00,935,4481.643,935.0
2021-09-15 12:31:00,935,4481.94,935.0
2021-09-15 12:32:00,935,4481.5,935.0
2021-09-15 12:33:00,935,4480.801,935.0
2021-09-15 12:34:00,935,4463.778,935.0
2021-09-15 12:35:00,935,4463.539,935.0
2021-09-15 12:36:00,935,4475.8374,935.0
2021-09-15 12:37:00,935,4463.778,935.0
2021-09-15 12:38:00,660,4451.2544,907.5
2021-09-15 12:39:00,935,4466.1313,907.5
2021-09-15 12:40:00,935,4480.801,907.5
2021-09-15 12:41:00,935,4481.94,907.5
2021-09-15 12:42:00,935,4476.4014,907.5
2021-09-15 12:43:00,935,4480.865,907.5
2021-09-15 12:44:00,935,4480.865,907.5
2021-09-15 12:45:00,935,4484.1245,907.5
2021-09-15 12:46:00,935,4489.7676,907.5
2021-09-15 12:47:00,935,4473.3354,907.5
2021-09-15 12:48:00,935,4485.031,935.0
2021-09-15 12:49:00,935,4486.29,935.0
2021-09-15 12:50:00,935,4483.8696,935.0
2021-09-15 12:51:00,1010,4511.3945,934.1129032258065
2021-09-15 12:52:00,1010,4530.0117,932.3387096774193
2021-09-15 12:53:00,1010,4570.898,929.6774193548387
2021-09-15 12:54:00,1010,4570.603,926.1290322580644
2021-09-15 12:55:00,1010,4573.331,921.6935483870966
2021-09-15 12:56:00,1010,4552.362,916.3709677419354
2021-09-15 12:57:00,1010,4515.125,910.1612903225805
2021-09-15 12:58:00,1010,4485.9595,903.0645161290322
2021-09-15 12:59:00,1010,4442.125,895.0806451612904
2021-09-15 13:00:00,1010,4463.048,886.2096774193549
2021-09-15 13:01:00,1010,4445.5073,877.3387096774193
2021-09-15 13:02:00,1010,4493.666,868.4677419354839
2021-09-15 13:03:00,1010,4503.4883,859.5967741935483
2021-09-15 13:04:00,1010,4526.885,850.7258064516129
2021-09-15 13:05:00,1010,4553.0728,841.8548387096773
2021-09-15 13:06:00,1010,4567.0083,832.9838709677421
2021-09-15 13:07:00,1010,4559.5444,824.1129032258065
2021-09-15 13:08:00,1010,4540.1455,815.241935483871
2021-09-15 13:09:00,1010,4538.772,806.3709677419354
2021-09-15 13:10:00,1010,4489.3057,797.5
2021-09-15 13:11:00,1010,4504.1445,788.6290322580645
2021-09-15 13:12:00,1010,4524.1045,779.758064516129
2021-09-15 13:13:00,1010,4532.156,770.8870967741935
2021-09-15 13:14:00,1010,4522.462,762.016129032258
2021-09-15 13:15:00,1010,4502.4834,753.1451612903226
2021-09-15 13:16:00,1010,4544.8984,744.2741935483871
2021-09-15 13:17:00,1010,4446.843,735.4032258064515
2021-09-15 13:18:00,1010,4471.056,726.5322580645161
2021-09-15 13:19:00,1010,4494.277,717.6612903225807
2021-09-15 13:20:00,1010,4477.7227,708.7903225806451
2021-09-15 13:21:00,660,4467.236,699.9193548387098
2021-09-15 13:22:00,660,4464.543,691.9354838709677
2021-09-15 13:23:00,1010,4480.6475,684.8387096774194
2021-09-15 13:24:00,660,4476.1104,678.6290322580645
2021-09-15 13:25:00,1010,4468.0156,673.3064516129032
2021-09-15 13:26:00,1010,4468.915,668.8709677419354
2021-09-15 13:27:00,1010,4475.1436,665.3225806451613
2021-09-15 13:28:00,1010,4475.1436,662.6612903225807
2021-09-15 13:29:00,660,4471.4453,660.8870967741935
2021-09-15 13:30:00,660,4468.9263,660.0
2021-09-15 13:31:00,660,4468.419,660.0
2021-09-15 13:32:00,660,4468.5503,660.0
2021-09-15 13:33:00,660,4451.1797,660.0
2021-09-15 13:34:00,660,4466.4976,660.0
2021-09-15 13:35:00,660,4466.4976,660.0
2021-09-15 13:36:00,660,4466.4976,660.0
2021-09-15 13:37:00,660,4466.4976,660.0
2021-09-15 13:38:00,660,4454.1226,660.0
2021-09-15 13:39:00,660,4467.7373,660.0
2021-09-15 13:40:00,660,4468.419,660.0
2021-09-15 13:41:00,660,4470.9272,660.0
2021-09-15 13:42:00,660,4459.4478,660.0
2021-09-15 13:43:00,660,4459.4478,660.0
2021-09-15 13:44:00,660,4459.4478,660.0
2021-09-15 13:45:00,660,4472.6685,660.0
2021-09-15 13:46:00,660,4470.6675,660.0
2021-09-15 13:47:00,660,4470.6675,660.0
2021-09-15 13:48:00,660,4471.4453,660.0
2021-09-15 13:49:00,660,4470.6675,660.0
2021-09-15 13:50:00,660,4470.0645,660.0
2021-09-15 13:51:00,660,4470.6675,660.0
2021-09-15 13:52:00,660,4450.4,660.0
2021-09-15 13:53:00,660,4441.259,660.0
2021-09-15 13:54:00,660,4449.045,660.0
2021-09-15 13:55:00,660,4436.4014,660.0
2021-09-15 13:56:00,660,4457.8345,660.0
2021-09-15 13:57:00,660,4450.844,660.0
2021-09-15 13:58:00,660,4447.2017,660.0
2021-09-15 13:59:00,660,4447.2017,660.0
2021-09-15 14:00:00,660,4437.5615,660.0
2021-09-15 14:01:00,660,4431.137,660.0
2021-09-15 14:02:00,660,4436.0864,660.0
2021-09-15 14:03:00,660,4435.4834,660.0
2021-09-15 14:04:00,660,4427.8833,660.0
2021-09-15 14:05:00,735,4418.3345,667.5
2021-09-15 14:06:00,735,4412.534,675.0
2021-09-15 14:07:00,735,4388.855,682.5
2021-09-15 14:08:00,735,4314.6396,690.0
2021-09-15 14:09:00,660,4325.0747,690.0
2021-09-15 14:10:00,660,4236.996,690.0
2021-09-15 14:11:00,660,4231.0645,690.0
2021-09-15 14:12:00,1035,4228.8975,690.0
2021-09-15 14:13:00,660,4095.3303,690.0
2021-09-15 14:14:00,660,4039.5266,690.0
2021-09-15 14:15:00,1035,4253.2573,682.5
2021-09-15 14:16:00,1035,4271.731,675.0
2021-09-15 14:17:00,1035,4271.5977,667.5
2021-09-15 14:18:00,1035,4321.9756,660.0
2021-09-15 14:19:00,1035,4411.739,660.0
2021-09-15 14:20:00,1035,4436.8296,660.0
2021-09-15 14:21:00,1035,4405.513,660.0
2021-09-15 14:22:00,1035,4433.1006,660.0
2021-09-15 14:23:00,1035,4471.9546,660.0
2021-09-15 14:24:00,1035,4480.9946,660.0
2021-09-15 14:25:00,1035,4481.7725,660.0
2021-09-15 14:26:00,1035,4473.1416,660.0
2021-09-15 14:27:00,1035,4476.3184,660.0
2021-09-15 14:28:00,1035,4495.888,660.0
2021-09-15 14:29:00,660,4474.5015,660.0
2021-09-15 14:30:00,660,4474.5015,660.0
2021-09-15 14:31:00,660,4488.496,660.0
2021-09-15 14:32:00,660,4488.496,660.0
2021-09-15 14:33:00,660,4488.496,660.0
2021-09-15 14:34:00,660,4488.0024,660.0
2021-09-15 14:35:00,660,4482.6636,660.0
2021-09-15 14:36:00,660,4482.6636,660.0
2021-09-15 14:37:00,660,4482.6636,660.0
2021-09-15 14:38:00,660,4482.6636,660.0
2021-09-15 14:39:00,660,4482.6636,660.0
2021-09-15 14:40:00,660,4482.6636,660.0
2021-09-15 14:41:00,660,4482.6636,660.0
2021-09-15 14:42:00,660,4482.6636,660.0
2021-09-15 14:43:00,660,4488.0024,660.0
2021-09-15 14:44:00,660,4482.9,660.0
2021-09-15 14:45:00,660,4483.3936,660.0
2021-09-15 14:46:00,660,4482.23,660.0
2021-09-15 14:47:00,660,4482.23,660.0
2021-09-15 14:48:00,660,4482.23,660.0
2021-09-15 14:49:00,660,4482.23,660.0
2021-09-15 14:50:00,660,4482.23,660.0
2021-09-15 14:51:00,660,4482.23,660.0
2021-09-15 14:52:00,660,4483.3936,660.0
2021-09-15 14:53:00,660,4482.23,660.0
2021-09-15 14:54:00,660,4482.23,660.0
2021-09-15 14:55:00,660,4483.3936,660.0
2021-09-15 14:56:00,660,4483.3936,660.0
2021-09-15 14:57:00,660,4482.23,660.0
2021-09-15 14:58:00,660,4482.23,660.0
2021-09-15 14:59:00,660,4483.3936,660.0
2021-09-15 15:00:00,735,4471.48,667.5
2021-09-15 15:01:00,735,4472.6777,675.0
2021-09-15 15:02:00,660,4485.912,675.0
2021-09-15 15:03:00,935,4486.799,702.5
2021-09-15 15:04:00,660,4484.282,702.5
2021-09-15 15:05:00,935,4499.9805,730.0
2021-09-15 15:06:00,935,4500.241,757.5
2021-09-15 15:07:00,935,4500.241,785.0
2021-09-15 15:08:00,935,4500.241,812.5
2021-09-15 15:09:00,935,4500.241,840.0
2021-09-15 15:10:00,935,4500.241,860.0
2021-09-15 15:11:00,935,4499.9805,880.0
2021-09-15 15:12:00,935,4499.9805,907.5
2021-09-15 15:13:00,935,4502.7603,907.5
2021-09-15 15:14:00,935,4503.6597,935.0
2021-09-15 15:15:00,935,4504.222,935.0
2021-09-15 15:16:00,935,4504.193,935.0
2021-09-15 15:17:00,935,4505.95,935.0
2021-09-15 15:18:00,935,4497.1484,935.0
2021-09-15 15:19:00,935,4496.8877,935.0
2021-09-15 15:20:00,935,4496.8877,935.0
2021-09-15 15:21:00,660,4495.848,907.5
2021-09-15 15:22:00,660,4493.329,880.0
2021-09-15 15:23:00,660,4490.24,852.5
2021-09-15 15:24:00,660,4490.24,825.0
2021-09-15 15:25:00,660,4490.24,797.5
2021-09-15 15:26:00,660,4489.9795,770.0
2021-09-15 15:27:00,660,4489.9795,742.5
2021-09-15 15:28:00,660,4489.9795,715.0
2021-09-15 15:29:00,660,4489.9795,687.5
2021-09-15 15:30:00,660,4489.9795,660.0
2021-09-15 15:31:00,660,4489.9795,660.0
2021-09-15 15:32:00,660,4489.9795,660.0
2021-09-15 15:33:00,660,4489.9795,660.0
2021-09-15 15:34:00,660,4490.24,660.0
2021-09-15 15:35:00,660,4489.9795,660.0
2021-09-15 15:36:00,660,4489.9795,660.0
2021-09-15 15:37:00,935,4492.0024,687.5
2021-09-15 15:38:00,935,4494.029,715.0
2021-09-15 15:39:00,935,4494.029,742.5
2021-09-15 15:40:00,935,4491.7417,770.0
2021-09-15 15:41:00,935,4491.7417,797.5
2021-09-15 15:42:00,935,4491.7417,825.0
2021-09-15 15:43:00,660,4489.9795,825.0
2021-09-15 15:44:00,935,4491.7417,852.5
2021-09-15 15:45:00,935,4491.7417,880.0
2021-09-15 15:46:00,935,4492.0024,907.5
2021-09-15 15:47:00,660,4490.24,880.0
2021-09-15 15:48:00,660,4490.24,852.5
2021-09-15 15:49:00,935,4492.0024,852.5
2021-09-15 15:50:00,935,4493.768,852.5
2021-09-15 15:51:00,935,4494.029,852.5
2021-09-15 15:52:00,935,4494.029,852.5
2021-09-15 15:53:00,935,4494.029,880.0
2021-09-15 15:54:00,660,4492.2666,852.5
2021-09-15 15:55:00,660,4492.2666,825.0
2021-09-15 15:56:00,935,4493.768,825.0
2021-09-15 15:57:00,660,4492.2324,825.0
2021-09-15 15:58:00,660,4492.2324,825.0
2021-09-15 15:59:00,935,4493.768,825.0
2021-09-15 16:00:00,660,4503.5947,797.5
2021-09-15 16:01:00,660,4502.9917,770.0
2021-09-15 16:02:00,660,4493.912,742.5
2021-09-15 16:03:00,660,4495.293,715.0
2021-09-15 16:04:00,660,4495.293,715.0
2021-09-15 16:05:00,660,4495.293,715.0
2021-09-15 16:06:00,660,4497.0195,687.5
2021-09-15 16:07:00,660,4497.0195,687.5
2021-09-15 16:08:00,660,4497.0195,687.5
2021-09-15 16:09:00,660,4495.032,660.0
2021-09-15 16:10:00,660,4496.759,660.0
2021-09-15 16:11:00,660,4496.759,660.0
2021-09-15 16:12:00,660,4495.825,660.0
2021-09-15 16:13:00,660,4495.825,660.0
2021-09-15 16:14:00,660,4496.086,660.0
2021-09-15 16:15:00,660,4495.825,660.0
2021-09-15 16:16:00,660,4496.086,660.0
2021-09-15 16:17:00,935,4492.733,687.5
2021-09-15 16:18:00,935,4492.733,715.0
2021-09-15 16:19:00,935,4492.472,742.5
2021-09-15 16:20:00,660,4490.9365,742.5
2021-09-15 16:21:00,935,4492.472,770.0
2021-09-15 16:22:00,935,4492.733,797.5
2021-09-15 16:23:00,660,4493.799,797.5
2021-09-15 16:24:00,660,4482.9175,797.5
2021-09-15 16:25:00,660,4492.228,797.5
2021-09-15 16:26:00,660,4493.2666,797.5
2021-09-15 16:27:00,660,4493.2666,770.0
2021-09-15 16:28:00,660,4493.2666,742.5
2021-09-15 16:29:00,660,4493.2666,715.0
2021-09-15 16:30:00,660,4493.006,715.0
2021-09-15 16:31:00,660,4493.006,687.5
2021-09-15 16:32:00,660,4495.032,660.0
2021-09-15 16:33:00,660,4495.032,660.0
2021-09-15 16:34:00,660,4495.293,660.0
2021-09-15 16:35:00,660,4495.032,660.0
2021-09-15 16:36:00,660,4495.293,660.0
2021-09-15 16:37:00,660,4495.293,660.0
2021-09-15 16:38:00,660,4495.032,660.0
2021-09-15 16:39:00,660,4495.032,660.0
2021-09-15 16:40:00,660,4494.0986,660.0
2021-09-15 16:41:00,935,4492.772,687.5
2021-09-15 16:42:00,935,4492.772,715.0
2021-09-15 16:43:00,935,4491.0063,742.5
2021-09-15 16:44:00,935,4491.0063,770.0
2021-09-15 16:45:00,935,4491.0063,797.5
2021-09-15 16:46:00,935,4491.0063,825.0
2021-09-15 16:47:00,935,4490.7456,852.5
2021-09-15 16:48:00,935,4490.7456,880.0
2021-09-15 16:49:00,935,4491.0063,907.5
2021-09-15 16:50:00,660,4492.333,907.5
2021-09-15 16:51:00,660,4492.333,880.0
2021-09-15 16:52:00,660,4493.2666,852.5
2021-09-15 16:53:00,660,4493.2666,825.0
2021-09-15 16:54:00,660,4493.006,797.5
2021-09-15 16:55:00,660,4493.006,770.0
2021-09-15 16:56:00,660,4493.006,742.5
2021-09-15 16:57:00,660,4493.006,715.0
2021-09-15 16:58:00,660,4493.006,687.5
2021-09-15 16:59:00,660,4492.0723,660.0
2021-09-15 17:00:00,660,4492.0723,660.0
2021-09-15 17:01:00,660,4593.2266,660.0
2021-09-15 17:02:00,660,4593.2266,660.0
2021-09-15 17:03:00,660,4593.2266,660.0
2021-09-15 17:04:00,660,4593.2266,660.0
2021-09-15 17:05:00,660,4593.2266,660.0
2021-09-15 17:06:00,660,4616.1533,660.0
2021-09-15 17:07:00,660,4616.1533,660.0
2021-09-15 17:08:00,660,4617.9287,660.0
2021-09-15 17:09:00,660,4617.9287,660.0
2021-09-16 05:10:00,935,4540.323,687.5
2021-09-16 05:11:00,935,4540.323,715.0
2021-09-16 05:12:00,935,4540.323,742.5
2021-09-16 05:13:00,660,4528.541,742.5
2021-09-16 05:14:00,660,4535.3096,742.5
2021-09-16 05:15:00,660,4535.3096,742.5
2021-09-16 05:16:00,935,4544.529,770.0
2021-09-16 05:17:00,935,4540.323,797.5
2021-09-16 05:18:00,935,4540.323,825.0
2021-09-16 05:19:00,935,4540.323,852.5
2021-09-16 05:20:00,935,4542.4287,852.5
2021-09-16 05:21:00,935,4542.4287,852.5
2021-09-16 05:22:00,935,4542.4287,852.5
2021-09-16 05:23:00,935,4542.6895,880.0
2021-09-16 05:24:00,935,4542.6895,907.5
2021-09-16 05:25:00,935,4546.6343,935.0
2021-09-16 05:26:00,935,4546.6343,935.0
2021-09-16 05:27:00,935,4546.6343,935.0
2021-09-16 05:28:00,935,4546.895,935.0
2021-09-16 05:29:00,935,4545.2515,935.0
2021-09-16 05:30:00,935,4545.2515,935.0
2021-09-16 05:31:00,935,4544.9907,935.0
2021-09-16 05:32:00,935,4545.2515,935.0
2021-09-16 05:33:00,935,4545.2515,935.0
2021-09-16 05:34:00,935,4545.2515,935.0
2021-09-16 05:35:00,935,4545.2515,935.0
2021-09-16 05:36:00,935,4545.2515,935.0
2021-09-16 05:37:00,660,4539.684,907.5
2021-09-16 05:38:00,935,4546.6343,907.5
2021-09-16 05:39:00,935,4546.6343,907.5
2021-09-16 05:40:00,935,4546.6343,907.5
2021-09-16 05:41:00,935,4544.263,907.5
2021-09-16 05:42:00,935,4543.927,907.5
2021-09-16 05:43:00,935,4544.9907,907.5
2021-09-16 05:44:00,935,4544.9907,907.5
2021-09-16 05:45:00,935,4542.8853,907.5
2021-09-16 05:46:00,935,4543.146,907.5
2021-09-16 05:47:00,935,4543.124,935.0
2021-09-16 05:48:00,935,4544.529,935.0
2021-09-16 05:49:00,935,4544.7896,935.0
2021-09-16 05:50:00,935,4544.529,935.0
2021-09-16 05:51:00,935,4544.7896,935.0
2021-09-16 05:52:00,935,4544.529,935.0
2021-09-16 05:53:00,935,4545.827,935.0
2021-09-16 05:54:00,935,4545.827,935.0
2021-09-16 05:55:00,935,4546.088,935.0
2021-09-16 05:56:00,935,4545.827,935.0
2021-09-16 05:57:00,935,4541.6216,935.0
2021-09-16 05:58:00,660,4536.608,907.5
2021-09-16 05:59:00,935,4540.323,907.5
2021-09-16 06:00:00,935,4528.0767,907.5
2021-09-16 06:01:00,660,4523.495,880.0
2021-09-16 06:02:00,935,4532.556,880.0
2021-09-16 06:03:00,935,4532.817,880.0
2021-09-16 06:04:00,935,4532.556,880.0
2021-09-16 06:05:00,935,4532.556,880.0
2021-09-16 06:06:00,935,4532.817,880.0
2021-09-16 06:07:00,935,4532.817,880.0
2021-09-16 06:08:00,935,4532.817,907.5
2021-09-16 06:09:00,935,4532.817,907.5
2021-09-16 06:10:00,935,4532.556,907.5
2021-09-16 06:11:00,935,4532.556,935.0
2021-09-16 06:12:00,935,4532.556,935.0
2021-09-16 06:13:00,935,4532.556,935.0
2021-09-16 06:14:00,660,4523.337,907.5
2021-09-16 06:15:00,935,4532.556,907.5
2021-09-16 06:16:00,935,4532.817,907.5
2021-09-16 06:17:00,935,4532.556,907.5
2021-09-16 06:18:00,935,4532.556,907.5
2021-09-16 06:19:00,935,4532.556,907.5
2021-09-16 06:20:00,935,4532.556,907.5
2021-09-16 06:21:00,935,4528.6113,907.5
2021-09-16 06:22:00,935,4528.3506,907.5
2021-09-16 06:23:00,660,4523.337,880.0
2021-09-16 06:24:00,935,4532.556,907.5
2021-09-16 06:25:00,935,4531.5186,907.5
2021-09-16 06:26:00,935,4531.258,907.5
2021-09-16 06:27:00,935,4531.258,907.5
2021-09-16 06:28:00,935,4531.5186,907.5
2021-09-16 06:29:00,935,4527.313,907.5
2021-09-16 06:30:00,935,4527.0522,907.5
2021-09-16 06:31:00,935,4531.258,907.5
2021-09-16 06:32:00,935,4531.5186,907.5
2021-09-16 06:33:00,935,4531.5186,935.0
2021-09-16 06:34:00,935,4527.313,935.0
2021-09-16 06:35:00,935,4527.313,935.0
2021-09-16 06:36:00,935,4531.5186,935.0
2021-09-16 06:37:00,935,4531.5186,935.0
2021-09-16 06:38:00,935,4527.313,935.0
2021-09-16 06:39:00,935,4527.313,935.0
2021-09-16 06:40:00,935,4527.0522,935.0
2021-09-16 06:41:00,935,4528.6113,935.0
2021-09-16 06:42:00,935,4527.313,935.0
2021-09-16 06:43:00,935,4528.3506,935.0
2021-09-16 06:44:00,935,4528.3506,935.0
2021-09-16 06:45:00,935,4527.313,935.0
2021-09-16 06:46:00,935,4527.0522,935.0
2021-09-16 06:47:00,935,4527.313,935.0
2021-09-16 06:48:00,935,4527.313,935.0
2021-09-16 06:49:00,935,4527.313,935.0
2021-09-16 06:50:00,935,4527.0522,935.0
2021-09-16 06:51:00,935,4527.0522,935.0
2021-09-16 06:52:00,935,4527.313,935.0
2021-09-16 06:53:00,935,4527.313,935.0
2021-09-16 06:54:00,935,4527.0522,935.0
2021-09-16 06:55:00,660,4515.27,907.5
2021-09-16 06:56:00,660,4495.456,880.0
2021-09-16 06:57:00,660,4478.7705,852.5
2021-09-16 06:58:00,710,4251.958,830.0
2021-09-16 06:59:00,710,3649.756,807.5
2021-09-16 07:00:00,710,3502.1953,785.0
2021-09-16 07:01:00,710,3727.6023,762.5
2021-09-16 07:02:00,710,3396.032,740.0
2021-09-16 07:03:00,710,3328.5332,717.5
2021-09-16 07:04:00,710,3213.034,695.0
2021-09-16 07:05:00,710,3186.6753,700.0
2021-09-16 07:06:00,710,3272.0208,705.0
2021-09-16 07:07:00,710,3352.0686,710.0
2021-09-16 07:08:00,710,3307.9285,710.0
2021-09-16 07:09:00,710,3377.6108,710.0
2021-09-16 07:10:00,710,3354.8386,710.0
2021-09-16 07:11:00,710,3391.0146,710.0
2021-09-16 07:12:00,710,3965.7915,710.0
2021-09-16 07:13:00,710,4062.3381,710.0
2021-09-16 07:14:00,710,3821.3425,710.0
2021-09-16 07:15:00,710,3798.575,710.0
2021-09-16 07:16:00,710,3754.9414,710.0
2021-09-16 07:17:00,710,3563.3813,710.0
2021-09-16 07:18:00,710,3654.2495,710.0
2021-09-16 07:19:00,710,3728.0981,710.0
2021-09-16 07:20:00,710,3762.3342,710.0
2021-09-16 07:21:00,710,3900.597,710.0
2021-09-16 07:22:00,710,3937.8774,710.0
2021-09-16 07:23:00,710,4044.4822,710.0
2021-09-16 07:24:00,710,4255.1265,710.0
2021-09-16 07:25:00,660,4472.0186,705.0
2021-09-16 07:26:00,660,4467.747,700.0
2021-09-16 07:27:00,660,4505.8364,695.0
2021-09-16 07:28:00,660,4508.314,690.0
2021-09-16 07:29:00,660,4508.314,685.0
2021-09-16 07:30:00,660,4523.81,680.0
2021-09-16 07:31:00,910,4520.338,700.0
2021-09-16 07:32:00,910,4525.0903,720.0
2021-09-16 07:33:00,910,4535.6836,740.0
2021-09-16 07:34:00,910,4535.6836,760.0
2021-09-16 07:35:00,660,4536.4473,760.0
2021-09-16 07:36:00,660,4534.066,760.0
2021-09-16 07:37:00,660,4534.066,760.0
2021-09-16 07:38:00,660,4536.4473,760.0
2021-09-16 07:39:00,910,4535.6836,785.0
2021-09-16 07:40:00,910,4535.6836,810.0
2021-09-16 07:41:00,660,4555.4556,785.0
2021-09-16 07:42:00,910,4527.9736,785.0
2021-09-16 07:43:00,910,4527.9736,785.0
2021-09-16 07:44:00,910,4530.355,785.0
2021-09-16 07:45:00,660,4526.336,785.0
2021-09-16 07:46:00,660,4526.336,785.0
2021-09-16 07:47:00,660,4526.336,785.0
2021-09-16 07:48:00,660,4526.198,785.0
2021-09-16 07:49:00,660,4526.198,760.0
2021-09-16 07:50:00,660,4523.817,735.0
2021-09-16 07:51:00,660,4523.817,735.0
2021-09-16 07:52:00,660,4526.198,710.0
2021-09-16 07:53:00,910,4522.2754,710.0
2021-09-16 07:54:00,910,4522.689,710.0
2021-09-16 07:55:00,910,4525.0903,735.0
2021-09-16 07:56:00,910,4525.868,760.0
2021-09-16 07:57:00,910,4525.868,785.0
2021-09-16 07:58:00,910,4525.868,810.0
2021-09-16 07:59:00,910,4528.2495,835.0
2021-09-16 08:00:00,910,4528.907,860.0
2021-09-16 08:01:00,910,4523.588,885.0
2021-09-16 08:02:00,910,4522.93,910.0
2021-09-16 08:03:00,910,4522.7925,910.0
2021-09-16 08:04:00,910,4521.5884,910.0
2021-09-16 08:05:00,935,4527.7534,912.5
2021-09-16 08:06:00,935,4527.7534,915.0
2021-09-16 08:07:00,935,4523.1924,917.5
2021-09-16 08:08:00,935,4519.7627,920.0
2021-09-16 08:09:00,935,4520.0234,922.5
2021-09-16 08:10:00,910,4522.1914,922.5
2021-09-16 08:11:00,910,4522.1914,922.5
2021-09-16 08:12:00,910,4522.969,922.5
2021-09-16 08:13:00,910,4522.969,922.5
2021-09-16 08:14:00,910,4523.23,922.5
2021-09-16 08:15:00,910,4523.23,920.0
2021-09-16 08:16:00,910,4523.23,917.5
2021-09-16 08:17:00,910,4525.6313,915.0
2021-09-16 08:18:00,910,4525.6313,912.5
2021-09-16 08:19:00,910,4525.3706,910.0
2021-09-16 08:20:00,910,4525.3706,910.0
2021-09-16 08:21:00,910,4525.6313,910.0
2021-09-16 08:22:00,910,4522.8516,910.0
2021-09-16 08:23:00,910,4523.1123,910.0
2021-09-16 08:24:00,910,4523.1123,910.0
2021-09-16 08:25:00,910,4523.1123,910.0
2021-09-16 08:26:00,910,4523.1123,910.0
2021-09-16 08:27:00,910,4523.1123,910.0
2021-09-16 08:28:00,910,4523.1123,910.0
2021-09-16 08:29:00,910,4523.1123,910.0
2021-09-16 08:30:00,910,4523.1123,910.0
2021-09-16 08:31:00,910,4523.1123,910.0
2021-09-16 08:32:00,910,4522.8516,910.0
2021-09-16 08:33:00,910,4522.8516,910.0
2021-09-16 08:34:00,910,4522.8516,910.0
2021-09-16 08:35:00,910,4522.8516,910.0
2021-09-16 08:36:00,935,4522.164,912.5
2021-09-16 08:37:00,910,4520.0234,912.5
2021-09-16 08:38:00,910,4519.7627,912.5
2021-09-16 08:39:00,910,4520.0234,912.5
2021-09-16 08:40:00,935,4522.164,915.0
2021-09-16 08:41:00,935,4522.164,917.5
2021-09-16 08:42:00,935,4522.164,920.0
2021-09-16 08:43:00,910,4523.1123,920.0
2021-09-16 08:44:00,910,4523.1123,920.0
2021-09-16 08:45:00,910,4523.1123,920.0
2021-09-16 08:46:00,910,4523.1123,917.5
2021-09-16 08:47:00,910,4523.1123,917.5
2021-09-16 08:48:00,910,4523.1123,917.5
2021-09-16 08:49:00,910,4523.1123,917.5
2021-09-16 08:50:00,935,4522.164,917.5
2021-09-16 08:51:00,935,4522.164,917.5
2021-09-16 08:52:00,935,4519.793,917.5
2021-09-16 08:53:00,910,4521.7876,917.5
2021-09-16 08:54:00,910,4523.1123,917.5
2021-09-16 08:55:00,910,4522.8516,917.5
2021-09-16 08:56:00,910,4522.8516,917.5
2021-09-16 08:57:00,910,4522.8516,917.5
2021-09-16 08:58:00,910,4523.351,917.5
2021-09-16 08:59:00,910,4521.3276,917.5
2021-09-16 09:00:00,910,4522.7886,915.0
2021-09-16 09:01:00,910,4522.7886,912.5
2021-09-16 09:02:00,935,4527.384,912.5
2021-09-16 09:03:00,935,4530.1636,915.0
2021-09-16 09:04:00,935,4530.1636,917.5
2021-09-16 09:05:00,935,4530.1636,920.0
2021-09-16 09:06:00,935,4530.1636,922.5
2021-09-16 09:07:00,935,4530.1636,925.0
2021-09-16 09:08:00,935,4529.903,927.5
2021-09-16 09:09:00,935,4529.903,930.0
2021-09-16 09:10:00,935,4530.1636,932.5
2021-09-16 09:11:00,935,4530.1636,935.0
2021-09-16 09:12:00,935,4527.384,935.0
2021-09-16 09:13:00,935,4527.384,935.0
2021-09-16 09:14:00,935,4529.288,935.0
2021-09-16 09:15:00,935,4524.822,935.0
2021-09-16 09:16:00,935,4529.288,935.0
2021-09-16 09:17:00,935,4529.288,935.0
2021-09-16 09:18:00,935,4529.0273,935.0
2021-09-16 09:19:00,935,4529.288,935.0
2021-09-16 09:20:00,935,4529.288,935.0
2021-09-16 09:21:00,935,4529.288,935.0
2021-09-16 09:22:00,935,4529.288,935.0
2021-09-16 09:23:00,935,4529.288,935.0
2021-09-16 09:24:00,935,4529.288,935.0
2021-09-16 09:25:00,935,4529.288,935.0
2021-09-16 09:26:00,935,4529.288,935.0
2021-09-16 09:27:00,935,4531.5786,935.0
2021-09-16 09:28:00,935,4531.5786,935.0
2021-09-16 09:29:00,935,4531.5786,935.0
2021-09-16 09:30:00,935,4531.8394,935.0
2021-09-16 09:31:00,935,4531.8394,935.0
2021-09-16 09:32:00,935,4529.1772,935.0
2021-09-16 09:33:00,935,4528.3413,935.0
2021-09-16 09:34:00,935,4529.438,935.0
2021-09-16 09:35:00,935,4531.228,935.0
2021-09-16 09:36:00,935,4528.0605,935.0
2021-09-16 09:37:00,935,4529.5845,935.0
2021-09-16 09:38:00,910,4526.3765,932.5
2021-09-16 09:39:00,935,4529.5845,932.5
2021-09-16 09:40:00,935,4529.845,932.5
2021-09-16 09:41:00,935,4527.033,932.5
2021-09-16 09:42:00,910,4526.3765,930.0
2021-09-16 09:43:00,935,4523.6094,930.0
2021-09-16 09:44:00,935,4524.589,930.0
2021-09-16 09:45:00,935,4534.7207,930.0
2021-09-16 09:46:00,910,4524.409,927.5
2021-09-16 09:47:00,910,4512.8887,925.0
2021-09-16 09:48:00,660,4499.6484,900.0
2021-09-16 09:49:00,660,4496.8584,872.5
2021-09-16 09:50:00,910,4528.0957,870.0
2021-09-16 09:51:00,935,4533.8228,870.0
2021-09-16 09:52:00,935,4533.8228,872.5
2021-09-16 09:53:00,935,4534.0835,872.5
2021-09-16 09:54:00,935,4534.0835,872.5
2021-09-16 09:55:00,935,4533.3057,872.5
2021-09-16 09:56:00,935,4529.035,875.0
2021-09-16 09:57:00,935,4529.5522,877.5
2021-09-16 09:58:00,935,4528.4556,905.0
2021-09-16 09:59:00,935,4533.379,932.5
2021-09-16 10:00:00,935,4531.717,935.0
2021-09-16 10:01:00,935,4534.394,935.0
2021-09-16 10:02:00,910,4527.638,932.5
2021-09-16 10:03:00,910,4527.638,930.0
2021-09-16 10:04:00,935,4520.685,930.0
2021-09-16 10:05:00,660,4516.395,902.5
2021-09-16 10:06:00,660,4516.1685,875.0
2021-09-16 10:07:00,660,4518.55,847.5
2021-09-16 10:08:00,660,4518.55,820.0
2021-09-16 10:09:00,660,4516.1685,792.5
2021-09-16 10:10:00,660,4518.55,765.0
2021-09-16 10:11:00,660,4517.8745,737.5
2021-09-16 10:12:00,660,4515.493,712.5
2021-09-16 10:13:00,660,4517.8745,687.5
2021-09-16 10:14:00,660,4517.8745,660.0
2021-09-16 10:15:00,660,4517.8745,660.0
2021-09-16 10:16:00,660,4515.493,660.0
2021-09-16 10:17:00,660,4517.8745,660.0
2021-09-16 10:18:00,660,4517.8745,660.0
2021-09-16 10:19:00,660,4517.8745,660.0
2021-09-16 10:20:00,660,4517.8745,660.0
2021-09-16 10:21:00,660,4520.276,660.0
2021-09-16 10:22:00,660,4515.7197,660.0
2021-09-16 10:23:00,660,4515.7197,660.0
2021-09-16 10:24:00,660,4515.493,660.0
2021-09-16 10:25:00,660,4515.493,660.0
2021-09-16 10:26:00,660,4515.493,660.0
2021-09-16 10:27:00,660,4515.7197,660.0
2021-09-16 10:28:00,660,4504.1865,660.0
2021-09-16 10:29:00,660,4497.9517,660.0
2021-09-16 10:30:00,660,4515.7197,660.0
2021-09-16 10:31:00,660,4517.0967,660.0
2021-09-16 10:32:00,660,4520.1855,660.0
2021-09-16 10:33:00,660,4518.838,660.0
2021-09-16 10:34:00,660,4521.107,660.0
2021-09-16 10:35:00,660,4517.741,660.0
2021-09-16 10:36:00,660,4518.6777,660.0
2021-09-16 10:37:00,660,4522.217,660.0
2021-09-16 10:38:00,660,4520.068,660.0
2021-09-16 10:39:00,660,4521.775,660.0
2021-09-16 10:40:00,660,4518.783,660.0
2021-09-16 10:41:00,660,4521.1646,660.0
2021-09-16 10:42:00,660,4521.1646,660.0
2021-09-16 10:43:00,660,4518.783,660.0
2021-09-16 10:44:00,660,4522.656,660.0
2021-09-16 10:45:00,660,4522.656,660.0
2021-09-16 10:46:00,660,4522.337,660.0
2021-09-16 10:47:00,660,4520.92,660.0
2021-09-16 10:48:00,660,4526.5996,660.0
2021-09-16 10:49:00,660,4515.979,660.0
2021-09-16 10:50:00,660,4516.838,660.0
2021-09-16 10:51:00,660,4504.503,660.0
2021-09-16 10:52:00,660,4512.896,660.0
2021-09-16 10:53:00,660,4504.4473,660.0
2021-09-16 10:54:00,660,4519.026,660.0
2021-09-16 10:55:00,660,4519.026,660.0
2021-09-16 10:56:00,660,4517.6504,660.0
2021-09-16 10:57:00,660,4520.0317,660.0
2021-09-16 10:58:00,660,4520.0317,660.0
2021-09-16 10:59:00,660,4520.0317,660.0
2021-09-16 11:00:00,660,4522.0596,660.0
2021-09-16 11:01:00,660,4522.55,660.0
2021-09-16 11:02:00,660,4529.275,660.0
2021-09-16 11:03:00,660,4526.8936,660.0
2021-09-16 11:04:00,660,4517.5024,660.0
2021-09-16 11:05:00,935,4525.6333,687.5
2021-09-16 11:06:00,935,4525.6333,715.0
2021-09-16 11:07:00,935,4525.6333,742.5
2021-09-16 11:08:00,660,4509.167,742.5
2021-09-16 11:09:00,660,4518.683,742.5
2021-09-16 11:10:00,935,4525.894,770.0
2021-09-16 11:11:00,935,4525.894,797.5
2021-09-16 11:12:00,935,4531.2227,825.0
2021-09-16 11:13:00,935,4531.2227,852.5
2021-09-16 11:14:00,935,4528.8022,880.0
2021-09-16 11:15:00,660,4514.316,852.5
2021-09-16 11:16:00,935,4528.0347,852.5
2021-09-16 11:17:00,935,4528.0347,852.5
2021-09-16 11:18:00,660,4521.0845,852.5
2021-09-16 11:19:00,935,4523.829,880.0
2021-09-16 11:20:00,935,4528.2954,880.0
2021-09-16 11:21:00,935,4528.0347,880.0
2021-09-16 11:22:00,660,4522.6494,852.5
2021-09-16 11:23:00,935,4526.391,852.5
2021-09-16 11:24:00,935,4526.652,852.5
2021-09-16 11:25:00,935,4528.91,880.0
2021-09-16 11:26:00,935,4529.171,880.0
2021-09-16 11:27:00,935,4528.91,880.0
2021-09-16 11:28:00,935,4528.91,907.5
2021-09-16 11:29:00,935,4528.91,907.5
2021-09-16 11:30:00,935,4528.91,907.5
2021-09-16 11:31:00,935,4529.171,907.5
2021-09-16 11:32:00,660,4526.466,907.5
2021-09-16 11:33:00,935,4526.391,907.5
2021-09-16 11:34:00,935,4526.652,907.5
2021-09-16 11:35:00,935,4526.391,907.5
2021-09-16 11:36:00,935,4526.652,907.5
2021-09-16 11:37:00,935,4526.391,907.5
2021-09-16 11:38:00,935,4526.391,907.5
2021-09-16 11:39:00,935,4526.391,907.5
2021-09-16 11:40:00,935,4526.391,907.5
2021-09-16 11:41:00,935,4526.652,907.5
2021-09-16 11:42:00,935,4526.652,935.0
2021-09-16 11:43:00,935,4524.2505,935.0
2021-09-16 11:44:00,935,4524.2505,935.0
2021-09-16 11:45:00,935,4525.894,935.0
2021-09-16 11:46:00,935,4525.894,935.0
2021-09-16 11:47:00,935,4525.6333,935.0
2021-09-16 11:48:00,935,4525.6333,935.0
2021-09-16 11:49:00,935,4525.6333,935.0
2021-09-16 11:50:00,935,4522.926,935.0
2021-09-16 11:51:00,935,4523.9897,935.0
2021-09-16 11:52:00,660,4521.5454,907.5
2021-09-16 11:53:00,935,4526.391,907.5
2021-09-16 11:54:00,935,4529.171,907.5
2021-09-16 11:55:00,935,4529.171,907.5
2021-09-16 11:56:00,935,4528.91,907.5
2021-09-16 11:57:00,935,4526.391,907.5
2021-09-16 11:58:00,935,4526.652,907.5
2021-09-16 11:59:00,935,4531.9805,907.5
2021-09-16 12:00:00,935,4542.1353,907.5
2021-09-16 12:01:00,935,4538.556,907.5
2021-09-16 12:02:00,660,4531.6406,907.5
2021-09-16 12:03:00,660,4531.9014,880.0
2021-09-16 12:04:00,660,4534.1597,852.5
2021-09-16 12:05:00,660,4536.1865,825.0
2021-09-16 12:06:00,660,4536.1865,797.5
2021-09-16 12:07:00,660,4533.928,770.0
2021-09-16 12:08:00,660,4533.928,742.5
2021-09-16 12:09:00,660,4531.7686,715.0
2021-09-16 12:10:00,935,4530.3174,715.0
2021-09-16 12:11:00,935,4530.0566,715.0
2021-09-16 12:12:00,660,4521.877,715.0
2021-09-16 12:13:00,660,4528.6455,715.0
2021-09-16 12:14:00,935,4532.477,742.5
2021-09-16 12:15:00,660,4532.6035,742.5
2021-09-16 12:16:00,660,4533.928,742.5
2021-09-16 12:17:00,660,4521.4194,742.5
2021-09-16 12:18:00,660,4504.3965,742.5
2021-09-16 12:19:00,660,4490.4185,742.5
2021-09-16 12:20:00,660,4505.734,715.0
2021-09-16 12:21:00,660,4527.624,687.5
2021-09-16 12:22:00,660,4526.788,687.5
2021-09-16 12:23:00,910,4531.3916,712.5
2021-09-16 12:24:00,910,4531.9087,710.0
2021-09-16 12:25:00,910,4528.589,735.0
2021-09-16 12:26:00,910,4531.9087,760.0
2021-09-16 12:27:00,910,4529.3896,785.0
2021-09-16 12:28:00,910,4535.0015,810.0
2021-09-16 12:29:00,910,4532.975,835.0
2021-09-16 12:30:00,910,4527.624,860.0
2021-09-16 12:31:00,910,4527.3633,885.0
2021-09-16 12:32:00,910,4527.3633,910.0
2021-09-16 12:33:00,910,4527.624,910.0
2021-09-16 12:34:00,910,4533.236,910.0
2021-09-16 12:35:00,910,4532.975,910.0
2021-09-16 12:36:00,910,4527.3633,910.0
2021-09-16 12:37:00,935,4526.9365,912.5
2021-09-16 12:38:00,935,4526.676,915.0
2021-09-16 12:39:00,935,4534.314,917.5
2021-09-16 12:40:00,935,4534.5747,920.0
2021-09-16 12:41:00,935,4528.963,922.5
2021-09-16 12:42:00,910,4528.1265,922.5
2021-09-16 12:43:00,910,4529.6504,922.5
2021-09-16 12:44:00,910,4527.3633,922.5
2021-09-16 12:45:00,910,4527.624,922.5
2021-09-16 12:46:00,910,4527.3633,922.5
2021-09-16 12:47:00,910,4527.3633,920.0
2021-09-16 12:48:00,910,4527.624,917.5
2021-09-16 12:49:00,910,4527.624,915.0
2021-09-16 12:50:00,910,4529.1045,912.5
2021-09-16 12:51:00,910,4529.1045,910.0
2021-09-16 12:52:00,910,4529.8823,910.0
2021-09-16 12:53:00,910,4529.8823,910.0
2021-09-16 12:54:00,910,4532.1694,910.0
2021-09-16 12:55:00,910,4537.7812,910.0
2021-09-16 12:56:00,910,4532.1694,910.0
2021-09-16 12:57:00,910,4529.8823,910.0
2021-09-16 12:58:00,910,4529.8823,910.0
2021-09-16 12:59:00,935,4526.9365,912.5
2021-09-16 13:00:00,910,4526.116,912.5
2021-09-16 13:01:00,910,4526.116,912.5
2021-09-16 13:02:00,910,4521.6875,912.5
2021-09-16 13:03:00,910,4521.6875,912.5
2021-09-16 13:04:00,660,4520.994,887.5
2021-09-16 13:05:00,910,4519.567,887.5
2021-09-16 13:06:00,910,4521.948,887.5
2021-09-16 13:07:00,910,4519.567,887.5
2021-09-16 13:08:00,660,4518.8735,862.5
2021-09-16 13:09:00,660,4507.3403,835.0
2021-09-16 13:10:00,660,4524.202,810.0
2021-09-16 13:11:00,910,4524.846,810.0
2021-09-16 13:12:00,910,4527.2173,810.0
2021-09-16 13:13:00,910,4529.5986,810.0
2021-09-16 13:14:00,910,4529.5986,835.0
2021-09-16 13:15:00,910,4524.846,835.0
2021-09-16 13:16:00,660,4524.202,810.0
2021-09-16 13:17:00,910,4527.277,810.0
2021-09-16 13:18:00,660,4524.202,810.0
2021-09-16 13:19:00,660,4524.202,810.0
2021-09-16 13:20:00,910,4527.277,835.0
2021-09-16 13:21:00,910,4524.8955,835.0
2021-09-16 13:22:00,660,4524.202,810.0
2021-09-16 13:23:00,910,4524.8955,810.0
2021-09-16 13:24:00,910,4524.8955,810.0
2021-09-16 13:25:00,910,4524.8955,810.0
2021-09-16 13:26:00,910,4524.8955,835.0
2021-09-16 13:27:00,660,4523.4243,810.0
2021-09-16 13:28:00,910,4526.4395,835.0
2021-09-16 13:29:00,910,4529.5986,860.0
2021-09-16 13:30:00,935,4531.7046,862.5
2021-09-16 13:31:00,935,4529.678,865.0
2021-09-16 13:32:00,910,4522.656,890.0
2021-09-16 13:33:00,660,4506.9785,865.0
2021-09-16 13:34:00,910,4522.656,865.0
2021-09-16 13:35:00,910,4525.037,865.0
2021-09-16 13:36:00,910,4527.556,865.0
2021-09-16 13:37:00,910,4525.037,890.0
2021-09-16 13:38:00,910,4525.037,890.0
2021-09-16 13:39:00,910,4522.656,890.0
2021-09-16 13:40:00,660,4506.9785,862.5
2021-09-16 13:41:00,910,4524.682,860.0
2021-09-16 13:42:00,910,4525.037,860.0
2021-09-16 13:43:00,910,4530.5034,885.0
2021-09-16 13:44:00,910,4530.5034,885.0
2021-09-16 13:45:00,910,4532.885,885.0
2021-09-16 13:46:00,910,4532.885,885.0
2021-09-16 13:47:00,910,4522.656,885.0
2021-09-16 13:48:00,910,4522.656,885.0
2021-09-16 13:49:00,935,4521.9683,887.5
2021-09-16 13:50:00,910,4521.948,912.5
2021-09-16 13:51:00,935,4524.3496,915.0
2021-09-16 13:52:00,935,4521.9683,917.5
2021-09-16 13:53:00,935,4521.9683,920.0
2021-09-16 13:54:00,935,4521.9683,922.5
2021-09-16 13:55:00,935,4521.9683,925.0
2021-09-16 13:56:00,935,4524.3496,927.5
2021-09-16 13:57:00,910,4524.27,927.5
2021-09-16 13:58:00,910,4521.948,927.5
2021-09-16 13:59:00,935,4524.3496,927.5
2021-09-16 14:00:00,910,4519.0815,927.5
2021-09-16 14:01:00,660,4506.855,900.0
2021-09-16 14:02:00,660,4489.028,872.5
2021-09-16 14:03:00,660,4509.4624,845.0
2021-09-16 14:04:00,935,4521.6235,845.0
2021-09-16 14:05:00,660,4508.5063,817.5
2021-09-16 14:06:00,660,4520.0396,790.0
2021-09-16 14:07:00,660,4522.1943,765.0
2021-09-16 14:08:00,660,4517.7866,740.0
2021-09-16 14:09:00,660,4517.7866,712.5
2021-09-16 14:10:00,660,4520.168,687.5
2021-09-16 14:11:00,660,4517.7866,687.5
2021-09-16 14:12:00,660,4520.5645,687.5
2021-09-16 14:13:00,660,4511.779,687.5
2021-09-16 14:14:00,660,4520.5645,660.0
2021-09-16 14:15:00,660,4520.338,660.0
2021-09-16 14:16:00,660,4520.338,660.0
2021-09-16 14:17:00,660,4520.338,660.0
2021-09-16 14:18:00,660,4521.9414,660.0
2021-09-16 14:19:00,660,4519.56,660.0
2021-09-16 14:20:00,660,4520.338,660.0
2021-09-16 14:21:00,660,4523.427,660.0
2021-09-16 14:22:00,660,4523.427,660.0
2021-09-16 14:23:00,660,4523.427,660.0
2021-09-16 14:24:00,660,4521.577,660.0
2021-09-16 14:25:00,660,4523.9585,660.0
2021-09-16 14:26:00,660,4521.577,660.0
2021-09-16 14:27:00,660,4523.427,660.0
2021-09-16 14:28:00,660,4523.427,660.0
2021-09-16 14:29:00,660,4520.8755,660.0
2021-09-16 14:30:00,660,4520.8755,660.0
2021-09-16 14:31:00,660,4520.8755,660.0
2021-09-16 14:32:00,660,4520.8755,660.0
2021-09-16 14:33:00,660,4523.257,660.0
2021-09-16 14:34:00,660,4520.8755,660.0
2021-09-16 14:35:00,660,4519.813,660.0
2021-09-16 14:36:00,660,4522.1943,660.0
2021-09-16 14:37:00,660,4520.0396,660.0
2021-09-16 14:38:00,660,4508.5063,660.0
2021-09-16 14:39:00,660,4511.254,660.0
2021-09-16 14:40:00,660,4517.7866,660.0
2021-09-16 14:41:00,660,4519.3516,660.0
2021-09-16 14:42:00,660,4519.8115,660.0
2021-09-16 14:43:00,660,4518.013,660.0
2021-09-16 14:44:00,660,4520.168,660.0
2021-09-16 14:45:00,660,4517.7866,660.0
2021-09-16 14:46:00,660,4517.7866,660.0
2021-09-16 14:47:00,660,4520.168,660.0
2021-09-16 14:48:00,660,4520.168,660.0
2021-09-16 14:49:00,660,4517.7866,660.0
2021-09-16 14:50:00,660,4517.7866,660.0
2021-09-16 14:51:00,660,4520.168,660.0
2021-09-16 14:52:00,660,4520.168,660.0
2021-09-16 14:53:00,660,4520.168,660.0
2021-09-16 14:54:00,660,4517.7866,660.0
2021-09-16 14:55:00,660,4517.7866,660.0
2021-09-16 14:56:00,660,4520.0396,660.0
2021-09-16 14:57:00,660,4522.1943,660.0
2021-09-16 14:58:00,660,4522.1943,660.0
2021-09-16 14:59:00,660,4522.1943,660.0
2021-09-16 15:00:00,660,4526.0273,660.0
2021-09-16 15:01:00,660,4523.646,660.0
2021-09-16 15:02:00,660,4522.1895,660.0
2021-09-16 15:03:00,660,4524.571,660.0
2021-09-16 15:04:00,660,4522.1895,660.0
2021-09-16 15:05:00,660,4520.163,660.0
2021-09-16 15:06:00,660,4522.5444,660.0
2021-09-16 15:07:00,660,4522.5444,660.0
2021-09-16 15:08:00,660,4520.163,660.0
2021-09-16 15:09:00,660,4522.5444,660.0
2021-09-16 15:10:00,660,4522.5444,660.0
2021-09-16 15:11:00,660,4522.5444,660.0
2021-09-16 15:12:00,660,4616.4546,660.0
2021-09-16 15:13:00,660,4616.4546,660.0
2021-09-16 15:14:00,660,4616.4546,660.0
2021-09-16 15:15:00,660,4616.4546,660.0
2021-09-16 15:16:00,660,4616.4546,660.0
2021-09-16 15:17:00,660,4689.645,660.0
2021-09-16 15:18:00,660,4689.645,660.0
2021-09-16 15:19:00,660,4696.2896,660.0
2021-09-16 15:20:00,660,4696.2896,660.0
